Country name,Regional indicator,Continent,Ladder score,Standard error of ladder score,upperwhisker,lowerwhisker,Logged GDP per capita,Social support,Healthy life expectancy,Freedom to make life choices,Generosity,Perceptions of corruption,Ladder score in Dystopia,Explained by: Log GDP per capita,Explained by: Social support,Explained by: Healthy life expectancy,Explained by: Freedom to make life choices,Explained by: Generosity,Explained by: Perceptions of corruption,Dystopia + residual,Ladder score normalised,Logged GDP per capita normalised,Social support normalised,Healthy life expectancy normalised,Freedom to make life choices normalised,Generosity normalised,Perceptions of corruption normalised
Afghanistan,South Asia,Asia,2.523,0.038,2.596,2.449,7.695,0.463,52.493,0.382,-0.102,0.924,2.43,0.37,0,0.126,0,0.122,0.01,1.895,0,2.114924182,0,1.41000878,0,2.240963855,9.824970828
Albania,Central and Eastern Europe,Europe,5.117,0.059,5.234,5.001,9.52,0.697,68.999,0.785,-0.03,0.901,2.43,1.008,0.529,0.646,0.491,0.168,0.024,2.25,4.876856552,5.756185156,4.5,7.20667252,6.853741497,3.108433735,9.556592765
Algeria,Middle East and North Africa,Africa,4.887,0.053,4.991,4.783,9.342,0.802,66.005,0.48,-0.067,0.752,2.43,0.946,0.765,0.552,0.119,0.144,0.12,2.242,4.444444444,5.40103751,6.519230769,6.155223881,1.666666667,2.662650602,7.817969662
Argentina,Latin America and Caribbean,South America,5.929,0.056,6.04,5.819,9.962,0.898,69,0.828,-0.182,0.834,2.43,1.162,0.98,0.646,0.544,0.069,0.067,2.461,6.403459297,6.638068635,8.365384615,7.207023705,7.585034014,1.277108434,8.774795799
Armenia,Commonwealth of Independent States,Europe,5.283,0.058,5.397,5.168,9.487,0.799,67.055,0.825,-0.168,0.629,2.43,0.996,0.758,0.585,0.54,0.079,0.198,2.127,5.18894529,5.690343176,6.461538462,6.523968393,7.534013605,1.445783133,6.382730455
Australia,North America and ANZ,Oceania,7.183,0.041,7.265,7.102,10.796,0.94,73.9,0.914,0.159,0.442,2.43,1.453,1.076,0.801,0.647,0.291,0.317,2.598,8.761045309,8.30207502,9.173076923,8.927831431,9.047619048,5.385542169,4.200700117
Austria,Western Europe,Europe,7.268,0.036,7.337,7.198,10.906,0.934,73.3,0.908,0.042,0.481,2.43,1.492,1.062,0.782,0.64,0.215,0.292,2.784,8.920849784,8.521548284,9.057692308,8.717120281,8.945578231,3.975903614,4.655775963
Azerbaijan,Commonwealth of Independent States,Europe,5.171,0.04,5.25,5.091,9.569,0.836,65.656,0.814,-0.223,0.506,2.43,1.025,0.841,0.541,0.526,0.043,0.276,1.919,4.978379395,5.853950519,7.173076923,6.032660228,7.346938776,0.78313253,4.947491249
Bahrain,Middle East and North Africa,Asia,6.647,0.068,6.779,6.514,10.669,0.862,69.495,0.925,0.089,0.722,2.43,1.409,0.899,0.662,0.661,0.246,0.139,2.631,7.753337093,8.04868316,7.673076923,7.380860404,9.234693878,4.542168675,7.467911319
Bangladesh,South Asia,Asia,5.025,0.046,5.115,4.934,8.454,0.693,64.8,0.877,-0.041,0.682,2.43,0.635,0.52,0.514,0.603,0.161,0.164,2.427,4.703891709,3.629289705,4.423076923,5.732045654,8.418367347,2.975903614,7.001166861
Belarus,Commonwealth of Independent States,Europe,5.534,0.047,5.625,5.442,9.853,0.91,66.253,0.65,-0.18,0.627,2.43,1.124,1.007,0.56,0.326,0.07,0.199,2.247,5.660838503,6.420590583,8.596153846,6.242317823,4.557823129,1.301204819,6.359393232
Belgium,Western Europe,Europe,6.834,0.034,6.901,6.767,10.823,0.906,72.199,0.783,-0.153,0.646,2.43,1.463,0.998,0.747,0.489,0.088,0.187,2.862,8.104906937,8.35594573,8.519230769,8.33046532,6.819727891,1.626506024,6.581096849
Benin,Sub-Saharan Africa,Africa,5.045,0.073,5.189,4.901,8.087,0.489,54.713,0.757,-0.034,0.661,2.43,0.507,0.058,0.196,0.457,0.166,0.178,3.482,4.741492762,2.897047087,0.5,2.189640035,6.37755102,3.060240964,6.756126021
Bolivia,Latin America and Caribbean,South America,5.716,0.053,5.819,5.613,9.046,0.81,63.901,0.875,-0.077,0.839,2.43,0.842,0.782,0.486,0.6,0.138,0.064,2.805,6.003008084,4.810454908,6.673076923,5.416330114,8.384353741,2.542168675,8.833138856
Bosnia and Herzegovina,Central and Eastern Europe,Europe,5.813,0.05,5.911,5.715,9.59,0.87,68.098,0.706,0.113,0.931,2.43,1.032,0.919,0.618,0.395,0.261,0.005,2.583,6.18537319,5.89584996,7.826923077,6.890254609,5.510204082,4.831325301,9.906651109
Botswana,Sub-Saharan Africa,Africa,3.467,0.074,3.611,3.322,9.782,0.784,59.269,0.824,-0.246,0.801,2.43,1.099,0.724,0.34,0.539,0.027,0.088,0.648,1.774769694,6.278930567,6.173076923,3.789640035,7.517006803,0.506024096,8.389731622
Brazil,Latin America and Caribbean,South America,6.33,0.043,6.415,6.245,9.577,0.882,66.601,0.804,-0.071,0.756,2.43,1.028,0.944,0.571,0.514,0.142,0.117,3.015,7.157360406,5.869912211,8.057692308,6.36453029,7.176870748,2.614457831,7.864644107
Bulgaria,Central and Eastern Europe,Europe,5.266,0.054,5.371,5.16,10.016,0.931,67,0.788,-0.096,0.932,2.43,1.181,1.055,0.583,0.494,0.125,0.005,1.823,5.156984396,6.745810056,9,6.504653205,6.904761905,2.313253012,9.91831972
Burkina Faso,Sub-Saharan Africa,Africa,4.834,0.081,4.993,4.675,7.678,0.672,54.151,0.695,-0.009,0.748,2.43,0.364,0.472,0.179,0.381,0.182,0.122,3.133,4.344801654,2.081005587,4.019230769,1.992273924,5.323129252,3.361445783,7.771295216
Burundi,Sub-Saharan Africa,Africa,3.775,0.107,3.985,3.565,6.635,0.49,53.4,0.626,-0.024,0.607,2.43,0,0.062,0.155,0.298,0.172,0.212,2.876,2.353825907,0,0.519230769,1.728533802,4.149659864,3.180722892,6.126021004
Cambodia,Southeast Asia,Asia,4.83,0.067,4.963,4.698,8.36,0.765,62,0.959,0.034,0.843,2.43,0.603,0.68,0.426,0.702,0.21,0.061,2.148,4.337281444,3.441739824,5.807692308,4.748726953,9.81292517,3.879518072,8.879813302
Cameroon,Sub-Saharan Africa,Africa,5.142,0.074,5.288,4.996,8.189,0.71,53.515,0.731,0.026,0.848,2.43,0.543,0.556,0.159,0.425,0.205,0.058,3.195,4.923857868,3.100558659,4.75,1.768920105,5.93537415,3.78313253,8.938156359
Canada,North America and ANZ,North America,7.103,0.042,7.185,7.021,10.776,0.926,73.8,0.915,0.089,0.415,2.43,1.447,1.044,0.798,0.648,0.246,0.335,2.585,8.610641098,8.26217079,8.903846154,8.892712906,9.06462585,4.542168675,3.885647608
Chad,Sub-Saharan Africa,Africa,4.355,0.094,4.54,4.171,7.364,0.619,48.478,0.579,0.041,0.807,2.43,0.255,0.353,0,0.24,0.215,0.084,3.209,3.444256439,1.454509178,3,0,3.350340136,3.963855422,8.459743291
Chile,Latin America and Caribbean,South America,6.172,0.046,6.262,6.081,10.071,0.882,70,0.742,-0.044,0.83,2.43,1.2,0.946,0.678,0.438,0.159,0.07,2.682,6.860312089,6.855546688,8.057692308,7.558208955,6.12244898,2.939759036,8.728121354
China,East Asia,Asia,5.339,0.029,5.397,5.281,9.673,0.811,69.593,0.904,-0.146,0.755,2.43,1.061,0.785,0.665,0.636,0.093,0.117,1.982,5.294228238,6.061452514,6.692307692,7.415276558,8.87755102,1.710843373,7.852975496
Colombia,Latin America and Caribbean,South America,6.012,0.061,6.132,5.892,9.557,0.847,68.001,0.837,-0.135,0.841,2.43,1.021,0.866,0.615,0.554,0.1,0.063,2.794,6.559503666,5.830007981,7.384615385,6.85618964,7.738095238,1.843373494,8.856476079
Comoros,Sub-Saharan Africa,Africa,4.289,0.084,4.454,4.123,8.031,0.626,57.349,0.548,0.082,0.781,2.43,0.488,0.367,0.279,0.202,0.241,0.101,2.61,3.320172965,2.785315243,3.134615385,3.115364355,2.823129252,4.457831325,8.156359393
Costa Rica,Latin America and Caribbean,North America,7.069,0.056,7.179,6.96,9.88,0.891,71.4,0.934,-0.126,0.809,2.43,1.134,0.966,0.722,0.673,0.105,0.083,3.387,8.546719308,6.474461293,8.230769231,8.049868306,9.387755102,1.951807229,8.483080513
Croatia,Central and Eastern Europe,Europe,5.882,0.048,5.975,5.788,10.217,0.924,70.799,0.754,-0.118,0.939,2.43,1.251,1.039,0.703,0.453,0.111,0,2.325,6.315096823,7.146847566,8.865384615,7.83880597,6.326530612,2.048192771,10
Cyprus,Western Europe,Europe,6.223,0.049,6.319,6.128,10.576,0.802,73.898,0.763,-0.015,0.844,2.43,1.377,0.765,0.801,0.464,0.178,0.061,2.578,6.956194773,7.863128492,6.519230769,8.927129061,6.479591837,3.289156627,8.891481914
Czech Republic,Central and Eastern Europe,Europe,6.965,0.049,7.062,6.868,10.556,0.947,70.807,0.858,-0.208,0.868,2.43,1.37,1.09,0.703,0.58,0.052,0.046,3.124,8.351193833,7.823224262,9.307692308,7.841615452,8.095238095,0.963855422,9.171528588
Denmark,Western Europe,Europe,7.62,0.035,7.687,7.552,10.933,0.954,72.7,0.946,0.03,0.179,2.43,1.502,1.108,0.763,0.686,0.208,0.485,2.868,9.582628314,8.575418994,9.442307692,8.506409131,9.591836735,3.831325301,1.131855309
Dominican Republic,Latin America and Caribbean,North America,5.545,0.071,5.685,5.405,9.802,0.853,66.102,0.86,-0.133,0.714,2.43,1.106,0.879,0.555,0.581,0.101,0.144,2.178,5.681519083,6.318834796,7.5,6.18928885,8.129251701,1.86746988,7.374562427
Ecuador,Latin America and Caribbean,South America,5.764,0.057,5.875,5.653,9.313,0.821,68.8,0.842,-0.124,0.843,2.43,0.935,0.806,0.64,0.56,0.107,0.062,2.653,6.093250611,5.343176377,6.884615385,7.136786655,7.823129252,1.975903614,8.879813302
Egypt,Middle East and North Africa,Africa,4.283,0.045,4.371,4.195,9.367,0.75,61.998,0.749,-0.182,0.795,2.43,0.954,0.647,0.426,0.446,0.069,0.092,1.648,3.308892649,5.450917797,5.519230769,4.748024583,6.241496599,1.277108434,8.319719953
El Salvador,Latin America and Caribbean,North America,6.061,0.065,6.188,5.933,9.054,0.762,66.402,0.888,-0.11,0.688,2.43,0.845,0.675,0.565,0.615,0.116,0.16,3.085,6.651626246,4.8264166,5.75,6.294644425,8.605442177,2.144578313,7.07117853
Estonia,Central and Eastern Europe,Europe,6.189,0.038,6.263,6.115,10.481,0.941,68.8,0.909,-0.106,0.527,2.43,1.344,1.079,0.64,0.641,0.119,0.263,2.103,6.892272984,7.6735834,9.192307692,7.136786655,8.962585034,2.192771084,5.192532089
Ethiopia,Sub-Saharan Africa,Africa,4.275,0.051,4.374,4.175,7.694,0.764,59,0.752,0.082,0.761,2.43,0.37,0.679,0.331,0.451,0.241,0.114,2.089,3.293852228,2.11292897,5.788461538,3.695171203,6.292517007,4.457831325,7.922987165
Finland,Western Europe,Europe,7.842,0.032,7.904,7.78,10.775,0.954,72,0.949,-0.098,0.186,2.43,1.446,1.106,0.741,0.691,0.124,0.481,3.253,10,8.260175579,9.442307692,8.260579456,9.642857143,2.289156627,1.213535589
France,Western Europe,Europe,6.69,0.037,6.762,6.618,10.704,0.942,74,0.822,-0.147,0.571,2.43,1.421,1.081,0.804,0.536,0.092,0.235,2.521,7.834179357,8.118515563,9.211538462,8.962949956,7.482993197,1.698795181,5.705950992
Gabon,Sub-Saharan Africa,Africa,4.852,0.075,4.998,4.706,9.603,0.776,59.962,0.731,-0.2,0.84,2.43,1.037,0.707,0.362,0.424,0.058,0.064,2.201,4.378642602,5.921787709,6.019230769,4.033011414,5.93537415,1.060240964,8.844807468
Gambia,Sub-Saharan Africa,Africa,5.051,0.089,5.225,4.877,7.686,0.69,55.16,0.697,0.424,0.746,2.43,0.367,0.511,0.21,0.384,0.465,0.123,2.99,4.752773078,2.096967279,4.365384615,2.346619842,5.357142857,8.578313253,7.747957993
Georgia,Commonwealth of Independent States,Europe,4.891,0.054,4.998,4.785,9.585,0.671,64.3,0.783,-0.238,0.655,2.43,1.03,0.47,0.498,0.488,0.032,0.181,2.191,4.451964655,5.885873903,4,5.556453029,6.819727891,0.602409639,6.686114352
Germany,Western Europe,Europe,7.155,0.04,7.232,7.077,10.873,0.903,72.5,0.875,0.011,0.46,2.43,1.48,0.993,0.757,0.6,0.195,0.306,2.824,8.708403835,8.455706305,8.461538462,8.436172081,8.384353741,3.602409639,4.410735123
Ghana,Sub-Saharan Africa,Africa,5.088,0.067,5.219,4.958,8.58,0.727,57.586,0.807,0.123,0.848,2.43,0.68,0.595,0.287,0.517,0.268,0.058,2.684,4.822335025,3.880686353,5.076923077,3.198595259,7.227891156,4.951807229,8.938156359
Greece,Western Europe,Europe,5.723,0.046,5.813,5.632,10.279,0.823,72.6,0.582,-0.288,0.823,2.43,1.273,0.811,0.76,0.243,0,0.074,2.561,6.016168453,7.270550678,6.923076923,8.471290606,3.401360544,0,8.646441074
Guatemala,Latin America and Caribbean,North America,6.435,0.073,6.577,6.292,9.053,0.813,64.958,0.906,-0.038,0.775,2.43,0.845,0.79,0.519,0.638,0.163,0.105,3.375,7.354765933,4.824421389,6.730769231,5.787532924,8.911564626,3.012048193,8.086347725
Guinea,Sub-Saharan Africa,Africa,4.984,0.09,5.16,4.808,7.838,0.639,55.008,0.697,0.095,0.766,2.43,0.42,0.399,0.206,0.384,0.25,0.111,3.216,4.626809551,2.400239425,3.384615385,2.293239684,5.357142857,4.614457831,7.981330222
Haiti,Latin America and Caribbean,North America,3.615,0.173,3.953,3.276,7.477,0.54,55.7,0.593,0.422,0.721,2.43,0.294,0.173,0.227,0.257,0.463,0.139,2.06,2.053017484,1.679968077,1.480769231,2.536259877,3.588435374,8.554216867,7.456242707
Honduras,Latin America and Caribbean,North America,5.919,0.082,6.081,5.758,8.648,0.812,67.3,0.857,0.081,0.809,2.43,0.703,0.787,0.593,0.578,0.241,0.083,2.934,6.38465877,4.016360734,6.711538462,6.61000878,8.078231293,4.445783133,8.483080513
Hong Kong S.A.R. of China,East Asia,Asia,5.477,0.049,5.573,5.38,11,0.836,76.82,0.717,0.067,0.403,2.43,1.525,0.841,0.893,0.408,0.232,0.342,1.236,5.553675503,8.709098164,7.173076923,9.953292362,5.697278912,4.277108434,3.745624271
Hungary,Central and Eastern Europe,Europe,5.992,0.047,6.085,5.899,10.358,0.943,68,0.755,-0.186,0.876,2.43,1.301,1.083,0.615,0.454,0.067,0.04,2.432,6.521902613,7.428172386,9.230769231,6.855838455,6.343537415,1.228915663,9.26487748
Iceland,Western Europe,Europe,7.554,0.059,7.67,7.438,10.878,0.983,73,0.955,0.16,0.673,2.43,1.482,1.172,0.772,0.698,0.293,0.17,2.967,9.458544839,8.465682362,10,8.611764706,9.744897959,5.397590361,6.896149358
India,South Asia,Asia,3.819,0.026,3.869,3.769,8.755,0.603,60.633,0.893,0.089,0.774,2.43,0.741,0.316,0.383,0.622,0.246,0.106,1.405,2.436548223,4.229848364,2.692307692,4.268656716,8.69047619,4.542168675,8.074679113
Indonesia,Southeast Asia,Asia,5.345,0.056,5.454,5.235,9.365,0.811,62.236,0.873,0.542,0.867,2.43,0.954,0.786,0.433,0.598,0.541,0.046,1.987,5.305508554,5.446927374,6.692307692,4.831606673,8.350340136,10,9.159859977
Iran,Middle East and North Africa,Asia,4.721,0.055,4.828,4.614,9.584,0.71,66.3,0.608,0.218,0.714,2.43,1.03,0.557,0.561,0.275,0.33,0.144,1.823,4.132355706,5.883878691,4.75,6.258823529,3.843537415,6.096385542,7.374562427
Iraq,Middle East and North Africa,Asia,4.854,0.059,4.97,4.738,9.24,0.746,60.583,0.63,-0.053,0.875,2.43,0.91,0.638,0.381,0.302,0.153,0.041,2.429,4.382402707,5.197525938,5.442307692,4.251097454,4.217687075,2.831325301,9.253208868
Ireland,Western Europe,Europe,7.085,0.04,7.164,7.006,11.342,0.947,72.4,0.879,0.077,0.363,2.43,1.644,1.092,0.753,0.606,0.238,0.367,2.384,8.57680015,9.391460495,9.307692308,8.401053556,8.452380952,4.397590361,3.278879813
Israel,Middle East and North Africa,Asia,7.157,0.034,7.224,7.09,10.575,0.939,73.503,0.8,0.031,0.753,2.43,1.376,1.074,0.788,0.509,0.208,0.119,3.083,8.712163941,7.86113328,9.153846154,8.788410887,7.108843537,3.843373494,7.829638273
Italy,Western Europe,Europe,6.483,0.045,6.572,6.395,10.623,0.88,73.8,0.693,-0.084,0.866,2.43,1.393,0.94,0.798,0.379,0.133,0.047,2.794,7.44500846,7.956903432,8.019230769,8.892712906,5.289115646,2.457831325,9.148191365
Ivory Coast,Sub-Saharan Africa,Africa,5.306,0.078,5.46,5.152,8.551,0.644,50.114,0.741,-0.016,0.794,2.43,0.669,0.409,0.052,0.438,0.177,0.092,3.469,5.232186501,3.822825219,3.480769231,0.574539069,6.105442177,3.277108434,8.308051342
Jamaica,Latin America and Caribbean,North America,6.309,0.156,6.615,6.004,9.186,0.877,67.5,0.89,-0.137,0.884,2.43,0.891,0.932,0.599,0.618,0.099,0.035,3.135,7.117879301,5.089784517,7.961538462,6.68024583,8.639455782,1.819277108,9.358226371
Japan,East Asia,Asia,5.94,0.04,6.02,5.861,10.611,0.884,75.1,0.796,-0.258,0.638,2.43,1.389,0.949,0.838,0.504,0.02,0.192,2.048,6.424139876,7.932960894,8.096153846,9.349253731,7.040816327,0.361445783,6.487747958
Jordan,Middle East and North Africa,Asia,4.395,0.062,4.516,4.273,9.182,0.767,67,0.755,-0.167,0.705,2.43,0.89,0.685,0.583,0.455,0.079,0.15,1.553,3.519458545,5.081803671,5.846153846,6.504653205,6.343537415,1.457831325,7.269544924
Kazakhstan,Commonwealth of Independent States,Europe,6.152,0.047,6.243,6.06,10.155,0.952,65.2,0.853,-0.069,0.733,2.43,1.23,1.103,0.527,0.573,0.143,0.132,2.446,6.822711036,7.023144453,9.403846154,5.872519754,8.010204082,2.638554217,7.596266044
Kenya,Sub-Saharan Africa,Africa,4.607,0.072,4.747,4.466,8.361,0.688,60.704,0.779,0.287,0.825,2.43,0.603,0.508,0.385,0.483,0.375,0.073,2.18,3.918029705,3.443735036,4.326923077,4.293590869,6.75170068,6.927710843,8.669778296
Kosovo,Central and Eastern Europe,Europe,6.372,0.059,6.487,6.257,9.318,0.821,63.813,0.869,0.257,0.917,2.43,0.937,0.807,0.483,0.593,0.356,0.014,3.182,7.236322617,5.353152434,6.884615385,5.385425812,8.282312925,6.56626506,9.743290548
Kuwait,Middle East and North Africa,Asia,6.106,0.066,6.235,5.977,10.817,0.843,66.9,0.867,-0.104,0.736,2.43,1.461,0.857,0.58,0.591,0.12,0.13,2.368,6.736228614,8.343974461,7.307692308,6.46953468,8.24829932,2.21686747,7.631271879
Kyrgyzstan,Commonwealth of Independent States,Asia,5.744,0.046,5.834,5.653,8.538,0.893,64.401,0.935,0.119,0.908,2.43,0.665,0.971,0.501,0.673,0.266,0.02,2.648,6.055649558,3.79688747,8.269230769,5.591922739,9.404761905,4.903614458,9.638273046
Laos,Southeast Asia,Asia,5.03,0.045,5.119,4.941,8.947,0.728,58.968,0.91,0.123,0.658,2.43,0.808,0.598,0.33,0.643,0.268,0.179,2.204,4.713291972,4.61292897,5.096153846,3.683933275,8.979591837,4.951807229,6.721120187
Latvia,Central and Eastern Europe,Europe,6.032,0.036,6.103,5.961,10.315,0.927,67.1,0.715,-0.162,0.8,2.43,1.285,1.047,0.587,0.405,0.082,0.089,2.536,6.597104719,7.342378292,8.923076923,6.53977173,5.663265306,1.518072289,8.378063011
Lebanon,Middle East and North Africa,Asia,4.584,0.055,4.691,4.477,9.626,0.848,67.355,0.525,-0.073,0.898,2.43,1.045,0.868,0.595,0.175,0.14,0.026,1.736,3.874788494,5.967677574,7.403846154,6.629323968,2.431972789,2.590361446,9.521586931
Lesotho,Sub-Saharan Africa,Africa,3.512,0.12,3.748,3.276,7.926,0.787,48.7,0.715,-0.131,0.915,2.43,0.451,0.731,0.007,0.405,0.103,0.015,1.8,1.859372062,2.575818037,6.230769231,0.077963126,5.663265306,1.891566265,9.719953326
Liberia,Sub-Saharan Africa,Africa,4.625,0.106,4.833,4.417,7.288,0.72,56.498,0.735,0.05,0.85,2.43,0.228,0.58,0.253,0.43,0.221,0.057,2.857,3.951870652,1.302873105,4.942307692,2.816505707,6.003401361,4.072289157,8.961493582
Libya,Middle East and North Africa,Africa,5.41,0.076,5.558,5.262,9.622,0.827,62.3,0.771,-0.087,0.667,2.43,1.044,0.821,0.435,0.474,0.131,0.174,2.331,5.427711976,5.959696728,7,4.854082529,6.615646259,2.421686747,6.82613769
Lithuania,Central and Eastern Europe,Europe,6.255,0.045,6.344,6.167,10.499,0.935,67.906,0.773,-0.203,0.826,2.43,1.35,1.065,0.612,0.476,0.056,0.073,2.624,7.016356458,7.709497207,9.076923077,6.822827041,6.649659864,1.024096386,8.681446908
Luxembourg,Western Europe,Europe,7.324,0.037,7.396,7.252,11.647,0.908,72.6,0.907,-0.034,0.386,2.43,1.751,1.003,0.76,0.639,0.166,0.353,2.653,9.026132732,10,8.557692308,8.471290606,8.928571429,3.060240964,3.547257876
Macedonia,Central and Eastern Europe,Europe,5.101,0.051,5.202,5.001,9.693,0.805,65.474,0.751,0.038,0.905,2.43,1.068,0.772,0.535,0.45,0.212,0.022,2.042,4.84677571,6.101356744,6.576923077,5.968744513,6.275510204,3.927710843,9.603267211
Madagascar,Sub-Saharan Africa,Africa,4.208,0.072,4.349,4.068,7.396,0.686,59.305,0.552,-0.005,0.803,2.43,0.266,0.503,0.341,0.207,0.185,0.087,2.62,3.167888701,1.518355946,4.288461538,3.802282704,2.891156463,3.409638554,8.413068845
Malawi,Sub-Saharan Africa,Africa,3.6,0.092,3.781,3.419,6.958,0.537,57.948,0.78,0.038,0.729,2.43,0.113,0.168,0.298,0.484,0.213,0.134,2.19,2.024816695,0.644453312,1.423076923,3.32572432,6.768707483,3.927710843,7.549591599
Malaysia,Southeast Asia,Asia,5.384,0.049,5.48,5.289,10.238,0.817,67.102,0.895,0.125,0.839,2.43,1.259,0.797,0.587,0.624,0.27,0.064,1.784,5.378830607,7.188747007,6.807692308,6.5404741,8.724489796,4.975903614,8.833138856
Maldives,South Asia,Asia,5.198,0.072,5.339,5.057,9.826,0.913,70.6,0.854,0.024,0.825,2.43,1.115,1.015,0.697,0.575,0.204,0.073,1.52,5.029140816,6.366719872,8.653846154,7.768920105,8.027210884,3.759036145,8.669778296
Mali,Sub-Saharan Africa,Africa,4.723,0.082,4.884,4.563,7.744,0.724,51.969,0.697,-0.036,0.827,2.43,0.387,0.59,0.11,0.384,0.164,0.072,3.016,4.136115811,2.212689545,5.019230769,1.225987709,5.357142857,3.036144578,8.693115519
Malta,Western Europe,Europe,6.602,0.044,6.688,6.516,10.674,0.931,72.2,0.927,0.133,0.653,2.43,1.411,1.055,0.747,0.664,0.275,0.183,2.268,7.668734725,8.058659218,9,8.330816506,9.268707483,5.072289157,6.66277713
Mauritania,Sub-Saharan Africa,Africa,4.227,0.07,4.365,4.09,8.542,0.795,57.161,0.561,-0.106,0.731,2.43,0.666,0.749,0.273,0.218,0.119,0.133,2.069,3.203609701,3.804868316,6.384615385,3.049341528,3.044217687,2.192771084,7.572928821
Mauritius,Sub-Saharan Africa,Africa,6.049,0.059,6.165,5.933,10.008,0.905,66.701,0.867,-0.054,0.789,2.43,1.178,0.996,0.574,0.59,0.153,0.096,2.462,6.629065614,6.729848364,8.5,6.399648815,8.24829932,2.819277108,8.249708285
Mexico,Latin America and Caribbean,North America,6.317,0.053,6.42,6.213,9.859,0.831,68.597,0.862,-0.147,0.799,2.43,1.126,0.83,0.634,0.585,0.092,0.089,2.961,7.132919722,6.432561852,7.076923077,7.065496049,8.163265306,1.698795181,8.366394399
Moldova,Commonwealth of Independent States,Europe,5.766,0.046,5.856,5.677,9.454,0.857,65.699,0.822,-0.079,0.918,2.43,0.985,0.888,0.542,0.536,0.137,0.013,2.665,6.097010716,5.624501197,7.576923077,6.047761194,7.482993197,2.518072289,9.75495916
Mongolia,East Asia,Asia,5.677,0.042,5.76,5.595,9.4,0.935,62.5,0.708,0.116,0.856,2.43,0.966,1.065,0.442,0.397,0.263,0.053,2.492,5.929686031,5.516759777,9.076923077,4.924319579,5.544217687,4.86746988,9.031505251
Montenegro,Central and Eastern Europe,Europe,5.581,0.054,5.686,5.475,9.94,0.858,68.699,0.708,-0.034,0.812,2.43,1.155,0.891,0.637,0.397,0.166,0.081,2.254,5.749200978,6.594173982,7.596153846,7.101316945,5.544217687,3.060240964,8.518086348
Morocco,Middle East and North Africa,Africa,4.918,0.06,5.036,4.8,8.903,0.56,66.208,0.774,-0.236,0.801,2.43,0.792,0.219,0.558,0.477,0.034,0.088,2.749,4.502726076,4.525139665,1.865384615,6.226514486,6.666666667,0.626506024,8.389731622
Mozambique,Sub-Saharan Africa,Africa,4.794,0.103,4.997,4.592,7.158,0.744,54.706,0.882,0.061,0.684,2.43,0.183,0.634,0.196,0.608,0.228,0.163,2.783,4.269599549,1.043495611,5.403846154,2.187181738,8.503401361,4.204819277,7.024504084
Myanmar,Southeast Asia,Asia,4.426,0.052,4.527,4.324,8.541,0.779,59.302,0.876,0.509,0.66,2.43,0.666,0.713,0.341,0.601,0.52,0.178,1.407,3.577740177,3.802873105,6.076923077,3.801229148,8.401360544,9.602409639,6.74445741
Namibia,Sub-Saharan Africa,Africa,4.574,0.064,4.7,4.448,9.161,0.818,56.799,0.719,-0.149,0.847,2.43,0.882,0.801,0.262,0.411,0.091,0.059,2.068,3.855987968,5.03990423,6.826923077,2.922212467,5.731292517,1.674698795,8.926487748
Nepal,South Asia,Asia,5.269,0.07,5.406,5.132,8.12,0.774,64.233,0.782,0.152,0.727,2.43,0.519,0.702,0.496,0.488,0.287,0.135,2.642,5.162624553,2.962889066,5.980769231,5.532923617,6.802721088,5.301204819,7.526254376
Netherlands,Western Europe,Europe,7.464,0.027,7.518,7.41,10.932,0.942,72.4,0.913,0.175,0.338,2.43,1.501,1.079,0.753,0.647,0.302,0.384,2.798,9.289340102,8.573423783,9.211538462,8.401053556,9.030612245,5.578313253,2.987164527
New Zealand,North America and ANZ,Oceania,7.277,0.04,7.355,7.198,10.643,0.948,73.4,0.929,0.134,0.242,2.43,1.4,1.094,0.785,0.665,0.276,0.445,2.612,8.937770258,7.996807662,9.326923077,8.752238806,9.302721088,5.084337349,1.86697783
Nicaragua,Latin America and Caribbean,North America,5.972,0.083,6.134,5.81,8.62,0.864,67.657,0.836,0.02,0.664,2.43,0.693,0.904,0.604,0.553,0.201,0.176,2.841,6.48430156,3.960494812,7.711538462,6.735381914,7.721088435,3.710843373,6.791131855
Niger,Sub-Saharan Africa,Africa,5.074,0.102,5.273,4.875,7.098,0.641,53.78,0.806,0.018,0.693,2.43,0.162,0.402,0.167,0.516,0.2,0.157,3.47,4.796014288,0.923782921,3.423076923,1.861984197,7.210884354,3.686746988,7.129521587
Nigeria,Sub-Saharan Africa,Africa,4.759,0.052,4.861,4.658,8.533,0.74,50.102,0.737,0.037,0.878,2.43,0.663,0.625,0.051,0.433,0.212,0.039,2.736,4.203797706,3.786911413,5.326923077,0.570324846,6.037414966,3.915662651,9.288214702
Northern Cyprus,Western Europe,Europe,5.536,0.051,5.636,5.435,10.576,0.82,73.898,0.795,0.012,0.626,2.43,1.377,0.806,0.801,0.503,0.196,0.2,1.653,5.664598609,7.863128492,6.865384615,8.927129061,7.023809524,3.614457831,6.347724621
Norway,Western Europe,Europe,7.392,0.035,7.462,7.323,11.053,0.954,73.3,0.96,0.093,0.27,2.43,1.543,1.108,0.782,0.703,0.249,0.427,2.58,9.153976311,8.814844374,9.442307692,8.717120281,9.829931973,4.590361446,2.19369895
Pakistan,South Asia,Asia,4.934,0.068,5.066,4.802,8.458,0.651,58.709,0.726,0.098,0.787,2.43,0.637,0.423,0.322,0.418,0.252,0.097,2.784,4.532806919,3.637270551,3.615384615,3.592976295,5.850340136,4.65060241,8.226371062
Palestine,Middle East and North Africa,Asia,4.517,0.067,4.649,4.384,8.485,0.826,62.25,0.653,-0.163,0.821,2.43,0.646,0.819,0.434,0.33,0.082,0.075,2.131,3.748824967,3.691141261,6.980769231,4.836523266,4.608843537,1.506024096,8.623103851
Panama,Latin America and Caribbean,North America,6.18,0.073,6.323,6.036,10.35,0.896,69.652,0.872,-0.166,0.856,2.43,1.298,0.976,0.667,0.596,0.079,0.053,2.509,6.87535251,7.412210694,8.326923077,7.435996488,8.333333333,1.469879518,9.031505251
Paraguay,Latin America and Caribbean,South America,5.653,0.092,5.832,5.473,9.448,0.893,65.9,0.876,0.028,0.882,2.43,0.983,0.97,0.549,0.602,0.206,0.037,2.306,5.884564768,5.612529928,8.269230769,6.118349429,8.401360544,3.807228916,9.334889148
Peru,Latin America and Caribbean,South America,5.84,0.075,5.988,5.692,9.458,0.832,68.25,0.822,-0.154,0.891,2.43,0.986,0.833,0.623,0.536,0.087,0.031,2.744,6.236134612,5.632482043,7.096153846,6.943634767,7.482993197,1.614457831,9.439906651
Philippines,Southeast Asia,Asia,5.88,0.052,5.982,5.778,9.076,0.83,62,0.917,-0.097,0.742,2.43,0.853,0.828,0.426,0.651,0.125,0.126,2.872,6.311336717,4.870311253,7.057692308,4.748726953,9.098639456,2.301204819,7.701283547
Poland,Central and Eastern Europe,Europe,6.166,0.04,6.245,6.087,10.382,0.898,69.702,0.841,-0.165,0.735,2.43,1.309,0.982,0.668,0.558,0.08,0.13,2.438,6.849031773,7.476057462,8.365384615,7.453555751,7.806122449,1.481927711,7.619603267
Portugal,Western Europe,Europe,5.929,0.055,6.037,5.821,10.421,0.879,72.6,0.892,-0.244,0.887,2.43,1.323,0.939,0.76,0.621,0.029,0.033,2.225,6.403459297,7.55387071,8,8.471290606,8.673469388,0.530120482,9.393232205
Republic of Congo,Sub-Saharan Africa,Africa,5.342,0.097,5.533,5.151,8.117,0.636,58.221,0.695,-0.068,0.745,2.43,0.518,0.392,0.307,0.381,0.144,0.124,3.476,5.299868396,2.956903432,3.326923077,3.421597893,5.323129252,2.65060241,7.736289382
Republic of Serbia,Central and Eastern Europe,Europe,6.078,0.053,6.181,5.974,9.787,0.873,68.6,0.778,0.002,0.835,2.43,1.101,0.924,0.634,0.482,0.189,0.066,2.682,6.68358714,6.288906624,7.884615385,7.066549605,6.734693878,3.493975904,8.786464411
Romania,Central and Eastern Europe,Europe,6.14,0.057,6.253,6.027,10.284,0.832,67.355,0.845,-0.219,0.938,2.43,1.275,0.832,0.595,0.564,0.045,0.001,2.83,6.800150404,7.280526736,7.096153846,6.629323968,7.87414966,0.831325301,9.988331389
Russia,Commonwealth of Independent States,Europe,5.477,0.033,5.541,5.413,10.189,0.903,64.703,0.718,-0.111,0.845,2.43,1.241,0.992,0.511,0.409,0.115,0.06,2.148,5.553675503,7.090981644,8.461538462,5.697980685,5.714285714,2.13253012,8.903150525
Rwanda,Sub-Saharan Africa,Africa,3.415,0.068,3.548,3.282,7.676,0.552,61.4,0.897,0.061,0.167,2.43,0.364,0.202,0.407,0.627,0.227,0.493,1.095,1.677006956,2.077015164,1.711538462,4.538015803,8.758503401,4.204819277,0.991831972
Saudi Arabia,Middle East and North Africa,Asia,6.494,0.056,6.604,6.384,10.743,0.891,66.603,0.877,-0.149,0.684,2.43,1.435,0.964,0.571,0.603,0.09,0.163,2.668,7.465689039,8.196328811,8.230769231,6.36523266,8.418367347,1.674698795,7.024504084
Senegal,Sub-Saharan Africa,Africa,5.132,0.068,5.266,4.998,8.118,0.71,59.802,0.695,-0.046,0.801,2.43,0.518,0.558,0.357,0.381,0.158,0.088,3.071,4.905057342,2.958898643,4.75,3.976821773,5.323129252,2.915662651,8.389731622
Sierra Leone,Sub-Saharan Africa,Africa,3.849,0.077,4.001,3.698,7.434,0.63,51.651,0.717,0.084,0.866,2.43,0.279,0.377,0.1,0.408,0.243,0.047,2.396,2.492949803,1.594173982,3.211538462,1.114310799,5.697278912,4.481927711,9.148191365
Singapore,Southeast Asia,Asia,6.377,0.043,6.46,6.293,11.488,0.915,76.953,0.927,-0.018,0.082,2.43,1.695,1.019,0.897,0.664,0.176,0.547,1.379,7.24572288,9.682761373,8.692307692,10,9.268707483,3.253012048,0
Slovakia,Central and Eastern Europe,Europe,6.331,0.041,6.411,6.251,10.369,0.936,69.201,0.766,-0.124,0.911,2.43,1.304,1.066,0.653,0.468,0.107,0.018,2.714,7.159240459,7.450119713,9.096153846,7.27761194,6.530612245,1.975903614,9.67327888
Slovenia,Central and Eastern Europe,Europe,6.461,0.043,6.546,6.376,10.529,0.948,71.4,0.949,-0.101,0.806,2.43,1.36,1.093,0.722,0.69,0.122,0.085,2.388,7.403647302,7.769353551,9.326923077,8.049868306,9.642857143,2.253012048,8.448074679
South Africa,Sub-Saharan Africa,Africa,4.956,0.06,5.074,4.839,9.403,0.86,56.904,0.749,-0.067,0.86,2.43,0.967,0.895,0.265,0.447,0.144,0.051,2.187,4.574168077,5.522745411,7.634615385,2.959086918,6.241496599,2.662650602,9.078179697
South Korea,East Asia,Asia,5.845,0.042,5.928,5.763,10.651,0.799,73.9,0.672,-0.083,0.727,2.43,1.403,0.758,0.801,0.353,0.134,0.135,2.262,6.245534875,8.012769354,6.461538462,8.927831431,4.931972789,2.469879518,7.526254376
Spain,Western Europe,Europe,6.491,0.042,6.574,6.408,10.571,0.932,74.7,0.761,-0.081,0.745,2.43,1.375,1.057,0.826,0.462,0.135,0.124,2.513,7.460048881,7.853152434,9.019230769,9.208779631,6.445578231,2.493975904,7.736289382
Sri Lanka,South Asia,Asia,4.325,0.066,4.454,4.196,9.47,0.827,67.299,0.841,0.079,0.863,2.43,0.99,0.82,0.593,0.559,0.239,0.049,1.075,3.38785486,5.656424581,7,6.609657594,7.806122449,4.421686747,9.113185531
Swaziland,Sub-Saharan Africa,Africa,4.308,0.071,4.448,4.168,9.065,0.77,50.833,0.647,-0.185,0.708,2.43,0.849,0.693,0.074,0.323,0.067,0.147,2.155,3.355893965,4.848363927,5.903846154,0.827041264,4.506802721,1.240963855,7.304550758
Sweden,Western Europe,Europe,7.363,0.036,7.433,7.293,10.867,0.934,72.7,0.945,0.086,0.237,2.43,1.478,1.062,0.763,0.685,0.244,0.448,2.683,9.099454785,8.443735036,9.057692308,8.506409131,9.574829932,4.506024096,1.808634772
Switzerland,Western Europe,Europe,7.571,0.036,7.643,7.5,11.117,0.942,74.4,0.919,0.025,0.292,2.43,1.566,1.079,0.816,0.653,0.204,0.413,2.839,9.490505734,8.942537909,9.211538462,9.103424056,9.132653061,3.771084337,2.450408401
Taiwan,East Asia,Asia,6.584,0.038,6.659,6.51,10.871,0.898,69.6,0.784,-0.07,0.721,2.43,1.48,0.982,0.665,0.49,0.142,0.139,2.687,7.634893777,8.451715882,8.365384615,7.417734855,6.836734694,2.626506024,7.456242707
Tajikistan,Commonwealth of Independent States,Asia,5.466,0.034,5.532,5.4,8.091,0.86,64.281,0.832,-0.056,0.553,2.43,0.508,0.895,0.498,0.548,0.152,0.247,2.619,5.532994924,2.905027933,7.634615385,5.549780509,7.653061224,2.795180723,5.495915986
Thailand,Southeast Asia,Asia,5.985,0.047,6.077,5.893,9.805,0.888,67.401,0.884,0.287,0.895,2.43,1.107,0.957,0.596,0.611,0.375,0.028,2.309,6.508742245,6.324820431,8.173076923,6.64547849,8.537414966,6.927710843,9.486581097
Togo,Sub-Saharan Africa,Africa,4.107,0.077,4.258,3.956,7.362,0.569,54.914,0.619,0.032,0.772,2.43,0.254,0.239,0.203,0.289,0.209,0.107,2.806,2.978003384,1.450518755,2.038461538,2.26022827,4.030612245,3.855421687,8.05134189
Tunisia,Middle East and North Africa,Africa,4.596,0.058,4.709,4.484,9.266,0.691,67.201,0.656,-0.201,0.87,2.43,0.919,0.515,0.59,0.334,0.057,0.044,2.138,3.897349126,5.249401437,4.384615385,6.57524144,4.659863946,1.048192771,9.194865811
Turkey,Middle East and North Africa,Asia,4.948,0.046,5.038,4.857,10.24,0.822,67.199,0.576,-0.139,0.776,2.43,1.26,0.809,0.59,0.236,0.097,0.104,1.852,4.559127656,7.19273743,6.903846154,6.574539069,3.299319728,1.795180723,8.098016336
Turkmenistan,Commonwealth of Independent States,Asia,5.066,0.036,5.136,4.996,9.629,0.983,62.409,0.877,0.273,0.888,2.43,1.046,1.172,0.439,0.602,0.366,0.033,1.409,4.780973867,5.973663208,10,4.892361721,8.418367347,6.759036145,9.404900817
Uganda,Sub-Saharan Africa,Africa,4.636,0.073,4.78,4.493,7.677,0.781,56.101,0.709,0.122,0.855,2.43,0.364,0.718,0.24,0.398,0.267,0.054,2.596,3.972551231,2.079010375,6.115384615,2.677085162,5.56122449,4.939759036,9.019836639
Ukraine,Commonwealth of Independent States,Europe,4.875,0.052,4.977,4.773,9.436,0.888,64.902,0.724,-0.011,0.924,2.43,0.979,0.958,0.517,0.417,0.181,0.01,1.813,4.421883813,5.58858739,8.173076923,5.76786655,5.816326531,3.337349398,9.824970828
United Arab Emirates,Middle East and North Africa,Asia,6.561,0.039,6.637,6.484,11.085,0.844,67.333,0.932,0.074,0.589,2.43,1.555,0.86,0.594,0.67,0.236,0.223,2.422,7.591652566,8.878691141,7.326923077,6.621597893,9.353741497,4.361445783,5.915985998
United Kingdom,Western Europe,Europe,7.064,0.038,7.138,6.99,10.707,0.934,72.5,0.859,0.233,0.459,2.43,1.423,1.062,0.757,0.58,0.34,0.306,2.596,8.537319045,8.124501197,9.057692308,8.436172081,8.112244898,6.277108434,4.399066511
United Republic of Tanzania,Sub-Saharan Africa,Africa,3.623,0.071,3.762,3.485,7.876,0.702,57.999,0.833,0.183,0.577,2.43,0.433,0.54,0.3,0.549,0.307,0.231,1.263,2.068057906,2.476057462,4.596153846,3.343634767,7.670068027,5.674698795,5.77596266
United States of America,North America and ANZ,North America,6.951,0.049,7.047,6.856,11.023,0.92,68.2,0.837,0.098,0.698,2.43,1.533,1.03,0.621,0.554,0.252,0.154,2.807,8.324873096,8.754988029,8.788461538,6.926075505,7.738095238,4.65060241,7.187864644
Uruguay,Latin America and Caribbean,South America,6.431,0.046,6.521,6.341,9.966,0.925,69.1,0.896,-0.092,0.59,2.43,1.164,1.042,0.649,0.625,0.128,0.223,2.6,7.347245723,6.646049481,8.884615385,7.24214223,8.741496599,2.361445783,5.927654609
Uzbekistan,Commonwealth of Independent States,Asia,6.179,0.068,6.312,6.045,8.836,0.918,65.255,0.97,0.311,0.515,2.43,0.769,1.027,0.528,0.716,0.391,0.271,2.477,6.873472457,4.391460495,8.75,5.891834943,10,7.21686747,5.052508751
Venezuela,Latin America and Caribbean,South America,4.892,0.064,5.017,4.767,9.073,0.861,66.7,0.615,-0.169,0.827,2.43,0.852,0.897,0.574,0.284,0.078,0.072,2.135,4.453844708,4.864325619,7.653846154,6.399297629,3.962585034,1.43373494,8.693115519
Vietnam,Southeast Asia,Asia,5.411,0.039,5.488,5.334,8.973,0.85,68.034,0.94,-0.098,0.796,2.43,0.817,0.873,0.616,0.679,0.124,0.091,2.211,5.429592029,4.664804469,7.442307692,6.867778753,9.489795918,2.289156627,8.331388565
Yemen,Middle East and North Africa,Asia,3.658,0.07,3.794,3.521,7.578,0.832,57.122,0.602,-0.147,0.8,2.43,0.329,0.831,0.272,0.268,0.092,0.089,1.776,2.133859748,1.881484437,7.096153846,3.035645303,3.741496599,1.698795181,8.378063011
Zambia,Sub-Saharan Africa,Africa,4.073,0.069,4.209,3.938,8.145,0.708,55.809,0.782,0.061,0.823,2.43,0.528,0.552,0.231,0.487,0.227,0.074,1.975,2.914081594,3.012769354,4.711538462,2.574539069,6.802721088,4.204819277,8.646441074
Zimbabwe,Sub-Saharan Africa,Africa,3.145,0.058,3.259,3.03,7.943,0.75,56.201,0.677,-0.047,0.821,2.43,0.457,0.649,0.243,0.359,0.157,0.075,1.205,1.169392743,2.609736632,5.519230769,2.712203687,5.017006803,2.903614458,8.623103851
